Title,Link,Query
Existe VIDA FORA da TERRA?,https://www.youtube.com/watch?v=IWcGCS9Y8xc,Exist√™ncia de vida fora da Terra
FOTO do NOSSO BURACO NEGRO,https://www.youtube.com/watch?v=B06cjXPYa1g,Tecnologia usada para tirar a foto do buraco negro
Como MEDIMOS as ESTRELAS no UNIVERSO?,https://www.youtube.com/watch?v=QsppTl3sxc0,Impacto da medi√ß√£o das estrelas no universo na astronomia e na ci√™ncia
DESCOBRINDO a MAT√âRIA ESCURA,https://www.youtube.com/watch?v=I01yIcpdkgg,Evid√™ncias concretas da exist√™ncia da mat√©ria escura
ASTRONOMIA = ASTROF√çSICA e COSMOLOGIA,https://www.youtube.com/watch?v=WhQ4Rx9H6N8,"Papel da tecnologia na astronomia, astrof√≠sica e cosmologia"
Analfabetos CIENT√çFICOS,https://www.youtube.com/watch?v=EVu9xgIgIFk,Influencia na percep√ß√£o da ci√™ncia e alfabetiza√ß√£o cient√≠fica da sociedade
Os ABSURDOS das COISAS QU√ÇNTICAS,https://www.youtube.com/watch?v=f-ID02UOsyU,Papel da observa√ß√£o na f√≠sica qu√¢ntica
As LEIS no ESPA√áO,https://www.youtube.com/watch?v=4-FkxzVs5_k,"Rela√ß√£o entre as leis da f√≠sica e a forma√ß√£o e evolu√ß√£o das gal√°xias e sistemas planet√°rios
"
TERIA como SALVAR a TRIPULA√á√ÉO da COLUMBIA?,https://www.youtube.com/watch?v=hqRQGFBqtf4,"Estrutura da nave espacial durante a reentrada na atmosfera terrestre
"
O ACIDENTE da COLUMBIA na NASA,https://www.youtube.com/watch?v=8l70_Zk7J1U,Acidente da Columbia mudou a percep√ß√£o p√∫blica da explora√ß√£o espacial
BRASIL quase N√ÉO ENTROU na ESTA√á√ÉO ESPACIAL,https://www.youtube.com/watch?v=RElYQN4WXr0,"Participa√ß√£o do Brasil na Esta√ß√£o Espacial Internacional afetou a comunidade cient√≠fica e tecnol√≥gica do pa√≠s
"
COMO se TORNAR um ASTRONAUTA,https://www.youtube.com/watch?v=ovvA3eI9KSg,Principais responsabilidades de um astronauta durante uma miss√£o no espa√ßo
TESTES para ASTRONAUTA,https://www.youtube.com/watch?v=t6dbwqehfrU,"Testes f√≠sicos e psicol√≥gicos para sele√ß√£o de astronautas
"
SONHO de ser ASTRONAUTA (Marcos Pontes),https://www.youtube.com/watch?v=OS1fjDmUh3o,Motiva√ß√£o do Marcos Pontes a seguir uma carreira na astronauta
Voc√™ j√° ENTROU no METAVERSO?,https://www.youtube.com/watch?v=W3UxiBqGV2c,"Metaverso ter√° um impacto significativo no futuro da sociedade
"
O IMPACTO das REDES SOCIAIS,https://www.youtube.com/watch?v=EnxE0SWFPBY,Redes sociais s√£o uma ferramenta √∫til para a promo√ß√£o de causas sociais e pol√≠ticas
EMPREGOS que j√° EXISTEM no METAVERSE,https://www.youtube.com/watch?v=V0Bm0LCBNog,Habilidades e conhecimentos necess√°rios para trabalhar no metaverso
O MAIOR MEME do ELON MUSK √© BRASILEIRO,https://www.youtube.com/watch?v=LFzXVvjpbHo,"Brasileiro respons√°vel pelo ""maior meme"" de Elon Musk"
MALEF√çCIOS do METAVERSE,https://www.youtube.com/watch?v=u0zUlwDo5-0,Tecnologia pode ser usada para ajudar a lidar com os malesf√≠cios do metaverso
SERVI√áOS POSS√çVEIS apenas no METAVERSE,https://www.youtube.com/watch?v=rkNeOnP2yig,As empresas e os servi√ßos podem se beneficolar do mundo real para entrar no metaverse
O TWITTER valeu 44 BILH√ïES de DOLLARES?,https://www.youtube.com/watch?v=xZqzYbI4Nv8,"O Twitter pretende competir com outras plataformas de m√≠dia social, como o Facebook e o Instagram"
Teste AO VIVO de uma INTELIG√äNCIA ARTIFICIAL,https://www.youtube.com/watch?v=9ZK4sYAgMZU,A intelig√™ncia artificial mostrou sinais de consci√™ncia ou autoconsci√™ncia durante o teste
A SONDA que ENTRA no SOL,https://www.youtube.com/watch?v=O9eDpmyl264,Dados coletados pela sonda ser√£o usados para melhorar nossa compreens√£o do sol e do universo
E SE o SOL CAIR num BURACO NEGRO ?,https://www.youtube.com/watch?v=ChpG8JpOIZc,Descobertas recentes sobre buracos negros mudaram nossa compreens√£o do universo
A VERDADEIRA COR do SOL,https://www.youtube.com/watch?v=Fop8oAqn6Ls,Cor do sol influencia outros planetas e corpos celestes no sistema solar
CRIANDO um SOL,https://www.youtube.com/watch?v=JHD_UidUzuQ,Aprendizado sobre o sol e o universo atrav√©s da cria√ß√£o de um sol artificial
Como foi a CRIA√á√ÉO do SOL,https://www.youtube.com/watch?v=Z-e5rx7-qW4,Evid√™ncias cient√≠ficas para a teoria da cria√ß√£o do sol
O SOL vai se EXPANDIR e MUITO,https://www.youtube.com/watch?v=nDcmKGkVp20,Aumento de tamanho do sol afetar√° a Terra e outros planetas do Sistema Solar
O QUE n√£o FAZER num ECLIPSE SOLAR,https://www.youtube.com/watch?v=reXifqFyo58,Import√¢ncia de seguir as recomenda√ß√µes de seguran√ßa durante um eclipse solar
UNICAMP na PANDEMIA,https://www.youtube.com/watch?v=C2IwiFGtnuQ,A Universidade Estadual de Campinas (UNICAMP) lidou com a pandemia de COVID-19
Ci√™ncia PARA o FUTURO,https://www.youtube.com/watch?v=Yg2BGT_qusE,Possibilidades de tecnologias avan√ßadas na ci√™ncia para o futuro
A DIVULGA√á√ÉO CIENT√çFICA foi fortalecida ap√≥s a PANDEMIA?,https://www.youtube.com/watch?v=tcCVWTvCMPo,Comunidade cient√≠fica conseguiu se adaptar √†s mudan√ßas causadas pela pandemia
ADAPTA√á√ÉO no ENSINO,https://www.youtube.com/watch?v=3MyybSvXMGk,Principais barreiras para a adapta√ß√£o no ensino
MENTIRAS que Foram Levadas a S√âRIO,https://www.youtube.com/watch?v=pcTGCJIR7nY,As pessoas podem proteger a si mesmas contra as mentiras e informa√ß√µes falsas
Perigo das MUDAN√áAS CLIM√ÅTICAS,https://www.youtube.com/watch?v=dCiHtUNsx8I,import√¢ncia de se tomar medidas para prevenir as mudan√ßas clim√°ticas
ANTICI√äNCIA,https://www.youtube.com/watch?v=WxDKy5nS9h0,a antici√™ncia pode ser usada para prever tend√™ncias e mudan√ßas no futuro
ASTRONOMIA SERVE pra QU√ä?,https://www.youtube.com/watch?v=dgagib26rFM,a astronomia pode ser usada para responder perguntas sobre a origem e evolu√ß√£o do universo
Museu Aberto de ASTRONOMIA,https://www.youtube.com/watch?v=2rPuG-xM3lc,o Museu Aberto de Astronomia pode ser usado para complementar a educa√ß√£o formal em astronomia
Construindo TELESC√ìPIOS üî≠,https://www.youtube.com/watch?v=EpgAa_sPbOQ,desafios enfrentados na constru√ß√£o de telesc√≥pios de alta precis√£o
As dificuldades da ASTRONOMIA no BRASIL,https://www.youtube.com/watch?v=atWISPpQQFQ,import√¢ncia da astronomia para o desenvolvimento cient√≠fico e tecnol√≥gico do Brasil
O que acontece quando um ASTEROIDE COLIDE com a TERRA?,https://www.youtube.com/watch?v=9unud0lUpcQ,rela√ß√£o entre a colis√£o de asteroides e a evolu√ß√£o da vida na Terra
NOVAS GERA√á√ïES da Astronomia,https://www.youtube.com/watch?v=iEwqxhn4qH0,as novas gera√ß√µes est√£o mudando a face da astronomia e aprimorando nossa compreens√£o do universo
REFORMA do ENSINO M√âDIO,https://www.youtube.com/watch?v=lYuQ42XW2gk,a reforma afeta os estudantes e os profissionais envolvidos no ensino m√©dio
Ci√™ncia na AM√âRICA DO SUL,https://www.youtube.com/watch?v=-5pNJQ7LDwQ,colabora√ß√£o internacional e a integra√ß√£o da ci√™ncia na Am√©rica do Sul com outras regi√µes do mundo
HIPNOSE REGRESSIVA para ABDUZIDOS,https://www.youtube.com/watch?v=od0uy5jGrFg,"a hipnose regressiva √© diferente de outras t√©cnicas de terapia, como a terapia cognitivo-comportamental?"
F√çSICA para COACH QU√ÇNTICO,https://www.youtube.com/watch?v=DZf5Gw8aryA,a f√≠sica qu√¢ntica pode ser aplicada em pr√°ticas de coaching qu√¢ntico para ajudar as pessoas a alcan√ßarem seus objetivos
LEGALIZA√á√ÉO da CONSTELA√á√ÉO FAMILIAR,https://www.youtube.com/watch?v=Kh54qpCMzYQ,a constela√ß√£o familiar pode ser usada para ajudar as pessoas a lidar com quest√µes emocionais e familiares complexas
Vantagem dos TERRAPLANISTAS,https://www.youtube.com/watch?v=KbJY8nN0muw,as teorias de terraplenagem afetam a compreens√£o da geologia e da ci√™ncia da Terra
Por que EINSTEIN disse ISSO?,https://www.youtube.com/watch?v=4jeFhaAiJp0,import√¢ncia da frase de Einstein para a ci√™ncia e a sociedade hoje em dia
EXPLICANDO a FENDA DUPLA,https://www.youtube.com/watch?v=NwyDTasbFcw,a fenda dupla √© usada para demonstrar a natureza ondulat√≥ria da luz
Sobre CESAR LATTES,https://www.youtube.com/watch?v=LGHh2uZuEDY,Cesar Lattes influenciou outros cientistas e colaborou com a comunidade cient√≠fica internacional
POL√äMICAS em ARTIGOS,https://www.youtube.com/watch?v=aSUnEHYlBZY,m√©todos para prevenir pol√™micas em artigos cient√≠ficos
A TERRAPLANA n√£o √© a PIOR conspira√ß√£o,https://www.youtube.com/watch?v=s2_CAllqR5k,"a mensagem que o canal Ci√™ncia sem Fim deseja passar com o v√≠deo ""A TERRAPLANA n√£o √© a PIOR conspira√ß√£o""?"
OBSERVAT√ìRIOS s√£o FASCINANTES,https://www.youtube.com/watch?v=3hInbS6m75E,"Os observat√≥rios s√£o de acesso p√∫blico, ou somente pesquisadores t√™m permiss√£o para us√°-los"
CRIANDO uma ESTRELA AO VIVO,https://www.youtube.com/watch?v=uXIGIRcGsTw,cria√ß√£o de estrelas ao vivo pode impactar o nosso entendimento sobre o universo
PROGRAMA√á√ÉO na ASTRONOMIA,https://www.youtube.com/watch?v=UpaVqjGkJRA,a programa√ß√£o √© usada para simular e modelar eventos astron√¥micos
CANDIDATAS a IRM√ÉS do SOL,https://www.youtube.com/watch?v=FfxLOOYMLnY,estrelas s√£o consideradas como potenciais irm√£s do sol
Aglomerados GLOBULARES,https://www.youtube.com/watch?v=05ShKs8RLEc,os aglomerados globulares s√£o diferentes de outras estruturas celestiais
Fazer ASTRONOMIA ou N√ÉO?,https://www.youtube.com/watch?v=bEHlNPTHB58,A astronomia √© uma carreira com boas oportunidades
Mat√©ria de PLASMA MAGNETOIDRODIN√ÇMICA,https://www.youtube.com/watch?v=NBb0Yrb01Is,a mat√©ria de plasma magnetoidrodin√¢mica √© importante para a astronomia
TRANSFORMAR a ISS em BASE LUNAR,https://www.youtube.com/watch?v=gJ9CEe1lyAM,vantagens de se ter uma base lunar em compara√ß√£o a uma base na Terra
COMO NASCEU a LUA,https://www.youtube.com/watch?v=zuC-gDMgjAw,a teoria sobre a origem da Lua mudou ao longo do tempo
A IDA a LUA foi CINEMATOGR√ÅFICA?,https://www.youtube.com/watch?v=FOGoxcXd6XU,algumas pessoas acreditam que a ida √† Lua foi cinematogr√°fica
POR QUE n√£o VOLTAMOS para a LUA?,https://www.youtube.com/watch?v=fz2XIoXpGI0,a explora√ß√£o da Lua pode contribuir para nossa compreens√£o do universo
A LUA est√° SE AFASTANDO da TERRA,https://www.youtube.com/watch?v=bdLtRA2SocM,mudan√ßa no afastamento da Lua da Terra
TEORIA do Filme MOONFALL,https://www.youtube.com/watch?v=4oLXiYOZ3Fk,"a teoria do filme ""Moonfall"" se relaciona com a ci√™ncia da Lua"
EXPLORA√á√ÉO de RECURSOS LUNARES,https://www.youtube.com/watch?v=LUdnJ98CfY8,os recursos lunares ser√£o extra√≠dos e trazidos para a Terra
A TERRA com DUAS LUAS,https://www.youtube.com/watch?v=tKyfwPwBee8,a presen√ßa de duas luas poderia afetar o clima e o comportamento geol√≥gico da Terra
Por que ESTUDAMOS o SOL?,https://www.youtube.com/watch?v=ySDsmQGuJ9o,as pesquisas sobre o Sol ajudam a compreender o sistema solar
DICAS para registrar O ESPA√áO üåå,https://www.youtube.com/watch?v=LpdOwmz48yc,melhor hora do dia para registrar o espa√ßo
Fiquei MUITO TEMPO esperando UM COMETA e...,https://www.youtube.com/watch?v=2d5kwwY5Z2k,import√¢ncia do uso de equipamentos espec√≠ficos para registrar o cometa
Tecnologias para ENXERGAR COMETAS,https://www.youtube.com/watch?v=4dui1x2Qnas,a tecnologia melhorou nossa capacidade de observar cometas
IMAGENS REAIS do SOL,https://www.youtube.com/watch?v=dN31nqsHpxI,a tecnologia melhorou nossa capacidade de capturar imagens do sol
Observando o SOL,https://www.youtube.com/watch?v=jhVqE2UO08E,ferramentas e tecnologias s√£o usadas para observar o sol tendo vantagens e limita√ß√µes
COMETA HALLEY,https://www.youtube.com/watch?v=pWBw8GJiVpw,o cometa Halley interage com o sol e outros objetos celestes e quais s√£o as poss√≠veis implica√ß√µes dessas intera√ß√µes
COMBATENDO a DENGUE ATUALMENTE,https://www.youtube.com/watch?v=Wl4aen5QEag,desafios e obst√°culos enfrentados pelos esfor√ßos de controle da dengue
QUAL a MELHOR VACINA?,https://www.youtube.com/watch?v=TbjaRzs1zuY,"fatores s√£o considerados ao determinar qual vacina √© a ""melhor"" para uma determinada popula√ß√£o ou indiv√≠duo"
NOVA VARIANTE do COVID,https://www.youtube.com/watch?v=vzoELCBkM1w,a nova variante √© diferente das outras variantes do COVID-19
M√ÅSCARAS n√£o OBRIGAT√ìRIAS,https://www.youtube.com/watch?v=tSZN4rC3nS4,a recomenda√ß√£o sobre o uso de m√°scaras mudou ao longo da pandemia de COVID-19
Os PETS TRANSMITEM COVID ?,https://www.youtube.com/watch?v=07UO6x4QH4s,as precau√ß√µes que as pessoas devem tomar para evitar a transmiss√£o do COVID-19 para seus animais de estima√ß√£o
Doen√ßa NEGLIGENCIADA,https://www.youtube.com/watch?v=Y0ogtdyIXTU,impactos das doen√ßas negligenciadas na sa√∫de p√∫blica
ESTAMOS em UMA EPIDEMIA,https://www.youtube.com/watch?v=FGDGtKp5KAc,as autoridades de sa√∫de e a comunidade cient√≠fica est√£o lidando com a epidemia
IN√çCIO da COVID,https://www.youtube.com/watch?v=Pe_84cODDJI,import√¢ncia de entender a origem da COVID-19 para a preven√ß√£o e controle da pandemia
DESCOBRINDO a AIDS,https://www.youtube.com/watch?v=7Bco6xsD3I4,os m√©dicos e cientistas detectaram a presen√ßa do v√≠rus da AIDS pela primeira vez
A DOEN√áA LETAL dos ANOS 80,https://www.youtube.com/watch?v=0kAzPCwNaSw,a pesquisa e o tratamento da doen√ßa letal dos anos 80 avan√ßaram desde o in√≠cio da pandemia
BANDEIRA dos ESTADOS UNIDOS na LUA,https://www.youtube.com/watch?v=pJJOyYI1gUw,a miss√£o para plantar a bandeira dos Estados Unidos na Lua foi planejada e executada
FOTOS de SATURNO feitas do QUINTAL,https://www.youtube.com/watch?v=dbcQuZJT4TU,√â realmente poss√≠vel tirar fotos de Saturno a partir do quintal de sua casa
REDE de TELESC√ìPIO 24h,https://www.youtube.com/watch?v=yXuOsB8o2oo,a rede de telesc√≥pios 24h est√° contribuindo para o avan√ßo da astronomia
DESCOBERTAS na LUA,https://www.youtube.com/watch?v=EHWL_2EEmyY,as descobertas feitas na Lua influenciam nossa compreens√£o do Sistema Solar
Fotos LUNARES INCR√çVEIS,https://www.youtube.com/watch?v=rASu8JelVZQ,as fotos lunares incr√≠veis ajudam a entender a Lua
A LUA conta SUA HIST√ìRIA,https://www.youtube.com/watch?v=s3fzzN7903U,a hist√≥ria da Lua se relaciona com a hist√≥ria do Sistema Solar e da Terra
FOTOGRAFANDO o ESPA√áO,https://www.youtube.com/watch?v=-zVZP2LBl2w,as tecnologias de fotografia espacial evolu√≠ram ao longo do tempo
MITOS e VERDADES do HIDROMEL,https://www.youtube.com/watch?v=GFKItOOISio,mitos mais comuns sobre o hidromel
DESASTRES em SABORES de HIDROMEL,https://www.youtube.com/watch?v=eqM8_4jXFlE,riscos envolvidos na fabrica√ß√£o de hidromel ap√≥s desastres naturais
LEVEDURAS nas BEBIDAS,https://www.youtube.com/watch?v=PuNqyOrCsrM,"as leveduras diferentes afetam a textura, cor e aroma das bebidas"
FEIRAS MEDIEVAIS no BRASIL,https://www.youtube.com/watch?v=yDkRXMLcxsM,as feiras medievais se adaptaram aos tempos modernos e tiveram desafios enfrentaram nesse processo
A BEBIDA mais VELHA da Hist√≥ria,https://www.youtube.com/watch?v=PGeZ2y1E-Fc,A BEBIDA mais VELHA da Hist√≥ria desempenhou um papel nas sociedades antigas e modernas
A MAIOR MENTIRA do HIDROMEL?,https://www.youtube.com/watch?v=qe6lpyziMjs,a mentira sobre o hidromel influenciou a produ√ß√£o e o consumo da bebida
ORIGEM do HIDROMEL,https://www.youtube.com/watch?v=QRAoEyGsEtk,diferen√ßas entre os m√©todos tradicionais e modernos de produ√ß√£o de hidromel
PERIGOS na PRODU√á√ÉO de BEBIDAS,https://www.youtube.com/watch?v=gXdr7yTcEBQ,medidas s√£o tomadas para garantir a seguran√ßa das bebidas durante a produ√ß√£o